{
  "id": "1528552",
  "name": "仿糗事百科",
  "font_family": "iconfont",
  "css_prefix_text": "icon-",
  "description": "",
  "glyphs": [
    {
      "icon_id": "11800270",
      "name": "直播",
      "font_class": "zhibo",
      "unicode": "e60b",
      "unicode_decimal": 58891
    },
    {
      "icon_id": "11800271",
      "name": "播放",
      "font_class": "bofang",
      "unicode": "e60c",
      "unicode_decimal": 58892
    },
    {
      "icon_id": "11800274",
      "name": "我的",
      "font_class": "wode",
      "unicode": "e60e",
      "unicode_decimal": 58894
    },
    {
      "icon_id": "11800277",
      "name": "首页",
      "font_class": "shouye",
      "unicode": "e60f",
      "unicode_decimal": 58895
    }
  ]
}
